C1305486145,1,node
C840083671,1,node
C1420196421,1,node
C2101527076,1,node
C137533655,1,node
C1118430673,1,node
C749981943,1,node
C1334405552,1,node
C467632528,1,node
C1364127192,1,node
C1635772897,1,node
C669700766,1,node
C1275464847,1,node
C13692003,1,node
C1872047468,1,node
C1499825229,1,node
C553264065,1,node
C38997010,1,node
C972765878,1,node
C1007251739,1,node
C1848415041,1,node
C339924917,1,node
C667346055,1,node
C431687661,1,node
C716083600,1,node
C1136419747,1,node
C1983025922,1,node
C1384210339,1,node
C1364913072,1,node
C297927961,1,node
C116289363,1,node
C2100440237,1,node
C1231006815,0,node
C1666544295,0,node
C2048537720,0,node
C90045638,0,node
C154988899,0,node
C1912850431,0,node
C1265012928,0,node
C712410124,0,node
C1900366749,0,node
C249177573,0,node
C1648232591,0,node
C1716932897,0,node
C1026483832,0,node
C905080434,0,node
C761750706,0,node
C1237762639,0,node
C2033524545,0,node
C1670993182,0,node
C20804602,0,node
C1566511282,0,node
C1959239586,0,node
C504336483,0,node
C1984094095,0,node
C1043358826,0,node
C1671590089,0,node
C1053967012,0,node
C1632497828,0,node
C764826684,0,node
C2103763750,0,node
C215078753,0,node
C840514538,0,node
C1768242710,0,node
C247113419,0,node
C1238616099,0,node
C1608633989,0,node
C923341586,0,node
C1470868839,0,node
C711197015,0,node
C1481594086,0,node
C1466917878,0,node
C768216420,0,node
C260084831,0,node
C598357562,0,node
C1440738283,0,node
C484199463,0,node
C1570470538,0,node
C512549200,0,node
C1615801298,0,node
C460570271,0,node
C2072313080,0,node
C816944408,0,node
C912966811,0,node
C1458621573,0,node
C46941357,0,node
C343345308,0,node
C104716441,0,node
C1976401987,0,node
C867288517,0,node
C1528834618,0,node
C280615803,0,node
C166694583,0,node
C885910946,0,node
C811207775,0,node
C1161148117,0,node
C1131592118,0,node
C1262609629,0,node
C1955990522,0,node
C69673470,0,node
C527211736,0,node
C1533123860,0,node
C1718906711,0,node
C71802912,0,node
C686349795,0,node
C1423768154,0,node
C1987977423,0,node
C807322507,0,node
C283039401,0,node
C207471778,0,node
C1243171897,0,node
C1376151044,0,node
C873175411,0,node
C1443967876,0,node
C1449772539,0,node
C926859124,0,node
C1603696865,0,node
C12905860,0,node
C412788346,0,node
C1520267010,0,node
C908084672,0,node
C288306765,0,node
C1556867940,0,node
C1839168128,0,node
C1495608502,0,node
C835773569,0,node
C843299092,0,node
C605982374,0,node
C1412322831,0,node
C1305004711,0,node
C1003206025,0,node
C806813022,0,node
C1406206626,0,node
C1799230133,0,node
C20156341,0,node
C1509309988,0,node
C2091072548,0,node
C263053820,0,node
C1740826931,0,node
C69062746,0,node
C1631227617,0,node
C24650043,0,node
C1896074070,0,node
C460741164,0,node
C781091365,0,node
C1858015030,0,node
C671596011,0,node
C1687354037,0,node
C743778731,0,node
C967323951,0,node
C743648472,0,node
C1368862151,0,node
C922807452,0,node
C1494346128,0,node
C822087264,0,node
C38603201,0,node
C1694784135,0,node
C1207231495,0,node
C1221981006,0,node
C1878413714,0,node
C1257299717,0,node
C181252244,0,node
C722417467,0,node
C753631393,0,node
C1262869688,0,node
C544386226,0,node
C900298796,0,node
C1166106620,0,node
C221861886,0,node
C697508322,0,node
C603658030,0,node
C361380654,0,node
C1579132337,0,node
C1795225096,0,node
C1048712791,0,node
C1909398279,0,node
C1338905451,0,node
C1252540239,0,node
C1136005694,0,node
C426019904,0,node
C1642679791,0,node
C855700733,0,node
C247162961,0,node
C1890266440,0,node
C1527152775,0,node
C1863655430,0,node
C976827477,0,node
C324112183,0,node
C2092709730,0,node
C980364771,0,node
C1233595751,0,node
C1446001495,0,node
C1261044180,0,node
C141110631,0,node
C2029372696,0,node
C793293778,0,node
C888611662,0,node
C1966355106,0,node
C599782425,0,node
C1233327519,0,node
C1155769010,0,node
C269892014,0,node
C1280641161,0,node
C489411441,0,node
C1141113940,0,node
C1711185459,0,node
C25936709,0,node
C1123559518,0,node
C649769713,0,node
C925150995,0,node
C1760219993,0,node
C1800649922,0,node
C403547747,0,node
C172215878,0,node
C873309260,0,node
C1112456099,0,node
C923083575,0,node
C589363823,0,node
C2052457859,0,node
C1299327689,0,node
C1408279755,0,node
C2007486296,0,node
C1033348658,0,node
C1634723627,0,node
C938463537,0,node
C2121995675,0,node
C2120063568,0,node
C1620409359,0,node
C691691381,0,node
C264978436,0,node
C500618423,0,node
C1458091526,0,node
C768776793,0,node
C2018260103,0,node
C1393828949,0,node
C1088417975,0,node
C2036775591,0,node
C1620529408,0,node
C307488715,0,node
C758572926,0,node
C1640612861,0,node
C990679445,0,node
C913065088,0,node
C746280996,0,node
C50503805,0,node
C1557989809,0,node
C146874094,0,node
C2123222442,0,node
C1746570062,0,node
C1544078442,0,node
C1887699190,0,node
C1108889615,0,node
C455888635,0,node
C204322447,0,node
C1164365897,0,node
C3565780,0,node
C1865219266,0,node
C1278002745,0,node
C214649627,0,node
C15477956,0,node
C2082351661,0,node
C859690270,0,node
C1389774257,0,node
C553759818,0,node
C751021317,0,node
C294658299,0,node
C201677908,0,node
C635611994,0,node
C1930903395,0,node
C1700721442,0,node
C872522004,0,node
C1110698130,0,node
C1053632127,0,node
C89509666,0,node
C1016856028,0,node
C832292933,0,node
C792855998,0,node
C1003755748,0,node
C1805164661,0,node
C896138248,0,node
C243575009,0,node
C1454026445,0,node
C892931811,0,node
C1574873161,0,node
C600958416,0,node
C1492875057,0,node
C1068945248,0,node
C882646447,0,node
C79290250,0,node
C1586151649,0,node
C1767230265,0,node
C727666004,0,node
C414225167,0,node
C975033189,0,node
C628064884,0,node
C1389509050,0,node
C1761217448,0,node
C788905599,0,node
C1544614339,0,node
C2059592603,0,node
C1688782916,0,node
C1390301622,0,node
C973936431,0,node
C1756207614,0,node
C2015301874,0,node
C712627377,0,node
C399373008,0,node
C1936550492,0,node
C594651850,0,node
C1532139270,0,node
C1677568775,0,node
C2069500590,0,node
C1431556341,0,node
C452364286,0,node
C350069300,0,node
C1060703587,0,node
C1957078537,0,node
C1514214932,0,node
C594858858,0,node
C1423016050,0,node
C1202042637,0,node
C440736059,0,node
C1384563514,0,node
C1548946718,0,node
C140404585,0,node
C207546206,0,node
C200404000,0,node
C191945292,0,node
C1317375498,0,node
C1130346421,0,node
C192428201,0,node
C1768882706,0,node
C472991420,0,node
C1202220987,0,node
C425015667,0,node
C2075568954,0,node
C1279740095,0,node
C2095677157,0,node
C1943855334,0,node
C847320212,0,node
C1406848276,0,node
C785306763,0,node
C1123236701,0,node
C79161706,0,node
C1057468716,0,node
C1888924788,0,node
C1016633682,0,node
C1027319653,0,node
C1561745898,0,node
C424786033,0,node
C867093003,0,node
C1470911015,0,node
C244872973,0,node
C795748540,0,node
C837073696,0,node
C416201381,0,node
C1985938863,0,node
C1660325375,0,node
C334593716,0,node
C487416600,0,node
C1271041075,0,node
C1544895390,0,node
C1971991758,0,node
C201274566,0,node
C354605216,0,node
C1447353473,0,node
C611289995,0,node
C1129433283,0,node
C1810518740,0,node
C1547883191,0,node
C1528769018,0,node
C1089930529,0,node
C1429483328,0,node
C1927963027,0,node
C833240229,0,node
C1167088639,0,node
C191568263,0,node
C751608431,0,node
C893640573,0,node
C893523498,0,node
C1108517064,0,node
C511354923,0,node
C992743048,0,node
C1540894701,0,node
C203149502,0,node
C1198197478,0,node
C476579021,0,node
C106297322,0,node
C1419332030,0,node
C1262110193,0,node
C396918327,0,node
C1055601039,0,node
C547441493,0,node
C967677821,0,node
C1839206329,0,node
C169880779,0,node
C552674617,0,node
C1974622245,0,node
C402808045,0,node
C332365138,0,node
C977160959,0,node
C1563053805,0,node
C1464177809,0,node
C1057507014,0,node
C2007599722,0,node
C2029780820,0,node
C65080774,0,node
C2116179210,0,node
C1172535934,0,node
C1648700617,0,node
C1765900922,0,node
C94830685,0,node
C1539947037,0,node
C270661321,0,node
C1217312754,0,node
C1099552523,0,node
C1047934137,0,node
C1862994526,0,node
C1614133563,0,node
C839771540,0,node
C1037163664,0,node
C180316302,0,node
C1200546947,0,node
C443713699,0,node
C695530017,0,node
C1493042329,0,node
C1751403001,0,node
C1717433286,0,node
C1756819670,0,node
C1078262677,0,node
C178604517,0,node
C57624756,0,node
C1543518287,0,node
C998242313,0,node
C464872674,0,node
C1659286984,0,node
C1064905627,0,node
C2072130509,0,node
C1260440107,0,node
C482307698,0,node
C1793899405,0,node
C1765702,0,node
C1302725372,0,node
C713898436,0,node
C632475595,0,node
C1920305914,0,node
C263833514,0,node
C1278839936,0,node
C2143739483,0,node
C565881091,0,node
C1618984457,0,node
C1621254922,0,node
C702500163,0,node
C1574509514,0,node
C1087072654,0,node
C864221358,0,node
C1617174216,0,node
C1979080261,0,node
C1860886124,0,node
C1250499735,0,node
C173791568,0,node
C1293462056,0,node
C1966670937,0,node
C2002174925,0,node
C588449070,0,node
C735228558,0,node
C376725601,0,node
C1476235721,0,node
C1828508781,0,node
C1376017854,0,node
C1552870927,0,node
C1448805967,0,node
C641882263,0,node
C1930837320,0,node
C1489193907,0,node
C1453606810,0,node
C1645624121,0,node
C547923534,0,node
C1660223291,0,node
C379124840,0,node
C1157943921,0,node
C544966217,0,node
C1706272858,0,node
C882471736,0,node
C1475192960,0,node
C727197178,0,node
C1406253491,0,node
C749604930,0,node
C373097727,0,node
C2082509879,0,node
C576894497,0,node
C2123533871,0,node
C16148478,0,node
C2022689531,0,node
C1340848245,0,node
C635610193,0,node
C379121284,0,node
C281421502,0,node
C50072771,0,node
C848097505,0,node
C1672598778,0,node
C1122233828,0,node
C538667887,0,node
C1967496309,0,node
C406749219,0,node
C1173340685,0,node
C1045731788,0,node
C1739267143,0,node
C192456457,0,node
C817689537,0,node
C708613859,0,node
C365625031,0,node
C1531200408,0,node
C212963786,0,node
C1123321137,0,node
C685934,0,node
C2032909428,0,node
C2031377754,0,node
C523211332,0,node
C1280124872,0,node
C1747053097,0,node
C864326906,0,node
C1348115836,0,node
C1972143064,0,node
C312168418,0,node
C95369743,0,node
C26928827,0,node
C278476563,0,node
C615954678,0,node
C1926180325,0,node
C1594039997,0,node
C1170788511,0,node
C347091104,0,node
C1110195322,0,node
C226690498,0,node
C1976602906,0,node
C1624351535,0,node
C582300198,0,node
C533415944,0,node
C1086849943,0,node
C1265053098,0,node
C235370598,0,node
C2083217543,0,node
C177104018,0,node
C478139423,0,node
C997695567,0,node
C2066892165,0,node
C48305285,0,node
C1714378342,0,node
C93798665,0,node
C519303080,0,node
C1871680329,0,node
C1976166251,0,node
C1547398254,0,node
C1979055448,0,node
C934740803,0,node
C812143047,0,node
C1215951090,0,node
C894421232,0,node
C1182311147,0,node
C1531182070,0,node
C1491860739,0,node
C534753234,0,node
C231725600,0,node
C259251414,0,node
C803893384,0,node
C1372422140,0,node
C1288108586,0,node
C2054757222,0,node
C348132918,0,node
C1805443519,0,node
C1978504976,0,node
C1129869771,0,node
C2044337856,0,node
C422409467,0,node
C1659515968,0,node
C664091267,0,node
C1724814719,0,node
C1543146693,0,node
C1956415355,0,node
C24039137,0,node
C992086987,0,node
C1244867001,0,node
C369805307,0,node
C1100109058,0,node
C1394010463,0,node
C1057307776,0,node
C1636588948,0,node
C95685867,0,node
C494953170,0,node
C999647352,0,node
C677120200,0,node
C957923719,0,node
C1692073709,0,node
C1197498159,0,node
C500230084,0,node
C1028145537,0,node
C2078641942,0,node
C1527882132,0,node
C1626852381,0,node
C1193398802,0,node
C1171255580,0,node
C1275009283,0,node
C1478995734,0,node
C1456061400,0,node
C104261836,0,node
C351656492,0,node
C597364637,0,node
C1527086220,0,node
C1697281847,0,node
C737104370,0,node
C821405322,0,node
C1328323494,0,node
C1408533352,0,node
C252615006,0,node
C1943750504,0,node
C176955204,0,node
C1011044643,0,node
C1358857082,0,node
C2056234595,0,node
C2023917549,0,node
C1398260359,0,node
C2052223881,0,node
C1213871206,0,node
C628392976,0,node
C725832346,0,node
C1113895488,0,node
C1527007086,0,node
C1523649562,0,node
C1807176280,0,node
C203819996,0,node
C1977618945,0,node
C662925691,0,node
C1995952705,0,node
C1244880808,0,node
C1060519157,0,node
C58890945,0,node
C1269773610,0,node
C464649704,0,node
C367967231,0,node
C36531985,0,node
C815336475,0,node
C609483101,0,node
C1149407083,0,node
C767436045,0,node
C1430199669,0,node
C1847431070,0,node
C1043639521,0,node
C1660837991,0,node
C1325866488,0,node
C1306794745,0,node
C1454171136,0,node
C1195396074,0,node
C811562535,0,node
C1560379655,0,node
C1824322115,0,node
C702999333,0,node
C1648582256,0,node
C865858182,0,node
C951988316,0,node
C647973805,0,node
C1591161296,0,node
C842331982,0,node
C2076249476,0,node
C660595570,0,node
C1088491512,0,node
C1434066477,0,node
C648315947,0,node
C2117642238,0,node
C913242382,0,node
C870322840,0,node
C837246227,0,node
C173738886,0,node
C1262237002,0,node
C2029754983,0,node
C1946111918,0,node
C564817260,0,node
C194415222,0,node
C798622145,0,node
C638695843,0,node
C1411543296,0,node
C1800967368,0,node
C338887787,0,node
C1061448687,0,node
C2015999862,0,node
C1467515503,0,node
C1533330615,0,node
C1197721383,0,node
C1917082298,0,node
C1639765351,0,node
C478209179,0,node
C1166230227,0,node
C307411297,0,node
C1445424568,0,node
C1374217958,0,node
C1459016715,0,node
C1530957251,0,node
C767511741,0,node
C548795052,0,node
C2143571436,0,node
C691863815,0,node
C647149086,0,node
C103787801,0,node
C1959451969,0,node
C1441328175,0,node
C1831141281,0,node
C2000648320,0,node
C1114335860,0,node
C1527254842,0,node
C1800693087,0,node
C1717473929,0,node
C1868578441,0,node
C890160158,0,node
C1768127248,0,node
C119112899,0,node
C375074687,0,node
C1429616542,0,node
C662666707,0,node
C1821100643,0,node
C593768538,0,node
C1191864687,0,node
C466032056,0,node
C690822257,0,node
C726212590,0,node
C1058822905,0,node
C475394679,0,node
C1574615832,0,node
C1049590050,0,node
C1662592920,0,node
C1357686726,0,node
C1491522744,0,node
C501608687,0,node
C929706284,0,node
C42820240,0,node
C1822434669,0,node
C1592840862,0,node
C955611965,0,node
C1021565761,0,node
C1692375649,0,node
C237373286,0,node
C883521348,0,node
C2086068243,0,node
C1076202543,0,node
C749486981,0,node
C1731295355,0,node
C2061440682,0,node
C1488946768,0,node
C1907241392,0,node
C1269118128,0,node
C739264372,0,node
C1313960293,0,node
C1785111044,0,node
C494894055,0,node
C500885941,0,node
C616412281,0,node
C878861517,0,node
C1705665942,0,node
C1100619942,0,node
C864248990,0,node
C15892131,0,node
C879311295,0,node
C1483145520,0,node
C163385254,0,node
C970781872,0,node
C258737099,0,node
C407997647,0,node
C1988939205,0,node
C275056979,0,node
C371976476,0,node
C480184864,0,node
C483525032,0,node
C429058804,0,node
C52913970,0,node
C836969741,0,node
C567852222,0,node
C1938025186,0,node
C2088582214,0,node
C1220759559,0,node
C1730337646,0,node
C1256405521,0,node
C2051598050,0,node
C61426020,0,node
C1829460911,0,node
C708153797,0,node
C54960993,0,node
C373544591,0,node
C409565350,0,node
C1210939243,0,node
C1079125839,0,node
C696165690,0,node
C1542598424,0,node
C2054451662,0,node
C1659309731,0,node
C1734184086,0,node
C1947941827,0,node
C785625589,0,node
C1758893871,0,node
C1985028494,0,node
C1832283291,0,node
C1532554556,0,node
C976358110,0,node
C2014563089,0,node
C198098993,0,node
C854653864,0,node
C703555670,0,node
C1068445309,0,node
C1453062635,0,node
C1632789609,0,node
C124494140,0,node
C2083854344,0,node
C1119242936,0,node
C2123914473,0,node
C1091234211,0,node
C224060798,0,node
C2116299597,0,node
C50720817,0,node
C1496220730,0,node
C488600086,0,node
C1111379131,0,node
C1846982837,0,node
C1135935001,0,node
C635288507,0,node
C355885103,0,node
C1321115948,0,node
C706665172,0,node
C1649847375,0,node
C1153933106,0,node
C2144067911,0,node
C593447952,0,node
C1950136544,0,node
C209360730,0,node
C740007499,0,node
C1687627235,0,node
C1007660652,0,node
C1387620926,0,node
C1324173038,0,node
C1336775847,0,node
C1196963249,0,node
C1663488386,0,node
C1902801188,0,node
C577127077,0,node
C1556162268,0,node
C1924990666,0,node
C144445623,0,node
C1572745406,0,node
C1434015813,0,node
C295640874,0,node
C438151297,0,node
C96039159,0,node
C375097969,0,node
C788892554,0,node
C1060042118,0,node
C1992801971,0,node
C754527431,0,node
C2064883371,0,node
C82275756,0,node
C1629353699,0,node
C1651754404,0,node
C1407324654,0,node
C1101598632,0,node
C1032568028,0,node
C1380976928,0,node
C293474277,0,node
C413373997,0,node
C2024711353,0,node
C711310213,0,node
C1267042315,0,node
C1335061928,0,node
C1108706191,0,node
C1160487387,0,node
C579447973,0,node
C1990421361,0,node
C407148497,0,node
C16373883,0,node
C1878700101,0,node
C40875560,0,node
C1042891691,0,node
C1893563925,0,node
C1251967187,0,node
C901689694,0,node
C1107204185,0,node
C1523084197,0,node
C1818747191,0,node
C747870628,0,node
C421191743,0,node
C9844218,0,node
C1403716230,0,node
C1673916398,0,node
C756080817,0,node
C479734028,0,node
C388802347,0,node
C1541046463,0,node
C1910896157,0,node
C753426788,0,node
C1586470445,0,node
C1373577787,0,node
C265577219,0,node
C1624817884,0,node
C1107579932,0,node
C1784834205,0,node
C1174586025,0,node
C1627010197,0,node
C4073506,0,node
C2044825144,0,node
C698747943,0,node
C407493402,0,node
C1774690057,0,node
C480402503,0,node
C100445376,0,node
C1396385390,0,node
C114414807,0,node
C144699438,0,node
C1751500625,0,node
C1650955365,0,node
C1788380050,0,node
C493944943,0,node
C1533547487,0,node
C99770475,0,node
C727250772,0,node
C1052768296,0,node
C626193099,0,node
C859123506,0,node
C1597742167,0,node
C503595296,0,node
C754072705,0,node
C908384914,0,node
C156199931,0,node
C612693043,0,node
C307605969,0,node
C130166095,0,node
C1623060829,0,node
C1373949107,0,node
C1230013344,0,node
C681639276,0,node
C1717739363,0,node
C665137804,0,node
C1815370847,0,node
C1709578324,0,node
C1338958728,0,node
C988904418,0,node
C938613108,0,node
C1850874910,0,node
C97901029,0,node
C1324514662,0,node
C908722588,0,node
C1548271808,0,node
C1733056574,0,node
C636959006,0,node
C1059300256,0,node
C1605988985,0,node
C1636178473,0,node
C822232612,0,node
C852190062,0,node
C1674403916,0,node
C61137731,0,node
C1780293706,0,node
C1264941544,0,node
C1818449913,0,node
C961859592,0,node
C798278875,0,node
C1926027290,0,node
C1690050988,0,node
C1562764987,0,node
C216376974,0,node
C164714495,0,node
C789982400,0,node
C2080643905,0,node
C1627883152,0,node
C1076966140,0,node
C749443480,0,node
C1721045976,0,node
C1250582716,0,node
C2019157894,0,node
C827035437,0,node
C1360541835,0,node
C2021053848,0,node
C1245593227,0,node
C118555812,0,node
C1233505227,0,node
C1928621590,0,node
C858423246,0,node
C88301993,0,node
C1377301456,0,node
C691779749,0,node
C1873121466,0,node
C1927499639,0,node
C949673757,0,node
C532677950,0,node
C1200048933,0,node
C862025017,0,node
C1572127577,0,node
C417797183,0,node
C1959708563,0,node
C1877986974,0,node
C422522663,0,node
C145066402,0,node
C1800500978,0,node
C191310504,0,node
C247515192,0,node
C1556520190,0,node
C701487403,0,node
C2039984535,0,node
C1175418534,0,node
C296541232,0,node
C1997357673,0,node
C26357357,0,node
C1990733619,0,node
C1958592872,0,node
C1395262169,0,node
C1629454900,0,node
C2075372030,0,node
C2139168000,0,node
C1653751526,0,node
C253348306,0,node
C194107588,0,node
C175595853,0,node
C1241938981,0,node
C1004430079,0,node
C732597634,0,node
C2031927175,0,node
C1967617997,0,node
C925803196,0,node
C49318987,0,node
C2111882926,0,node
C215759534,0,node
C98351968,0,node
C1278616846,0,node
C559050604,0,node
C697460450,0,node
C1726616678,0,node
C1006624255,0,node
C1349025531,0,node
C338620258,0,node
C1502668485,0,node
C903268937,0,node
C1193841543,0,node
C315461968,0,node
C255941269,0,node
C1917784974,0,node
C855547146,0,node
C105751207,0,node
C1174881426,0,node
C745627268,0,node
C1195542839,0,node
C130721104,0,node
C1924227192,0,node
C583559449,0,node
C453671855,0,node
C52451302,0,node
C1856093404,0,node
C105321150,0,node
C820878444,0,node
C1187410086,0,node
C95322593,0,node
C802255644,0,node
C1617156106,0,node
C895366343,0,node
C707635461,0,node
C1624211687,0,node
C1997344422,0,node
C1410367298,0,node
C454160179,0,node
C1827303532,0,node
C791408866,0,node
C515520300,0,node
C637091966,0,node
C1428494531,0,node
C1504321715,0,node
C1260487756,0,node
C328197868,0,node
C431164562,0,node
C1163088324,0,node
C696739588,0,node
C1228963996,0,node
C82825098,0,node
C932885627,0,node
C1251897263,0,node
C1313799195,0,node
C2093319848,0,node
C1151512955,0,node
C712423434,0,node
C2125470482,0,node
C1641672672,0,node
C2121317689,0,node
C1843743552,0,node
C948960194,0,node
C1302877661,0,node
C562561015,0,node
C567656864,0,node
C1401295795,0,node
C288919635,0,node
C1052842393,0,node
C167013780,0,node
C779598031,0,node
C108982313,0,node
C2113243119,0,node
C1851255134,0,node
C1457226878,0,node
C121678773,0,node
C1443675930,0,node
C1609086753,0,node
C1427775702,0,node
C1690481990,0,node
C2047984839,0,node
C1968552224,0,node
C1095947149,0,node
C1402531280,0,node
C1556461159,0,node
C1642973315,0,node
C405741210,0,node
C1712230656,0,node
C164439551,0,node
C896852376,0,node
C229919394,0,node
C1057569470,0,node
C1324262781,0,node
C237297104,0,node
C1418622705,0,node
C1925785585,0,node
C1037475674,0,node
C983767354,0,node
C32393008,0,node
C1342374939,0,node
C1917562344,0,node
C1807894765,0,node
C211973922,0,node
C1890287843,0,node
C156711739,0,node
C2017860548,0,node
C1413886135,0,node
C278262050,0,node
C1029898472,0,node
C614580607,0,node
C1934692470,0,node
C1395073533,0,node
C68195659,0,node
C2142893855,0,node
C993420850,0,node
C1768952842,0,node
C989126847,0,node
C609887969,0,node
C1298380324,0,node
C1181545730,0,node
C773348567,0,node
C1602167682,0,node
C67620673,0,node
C1746257394,0,node
C1187779195,0,node
C1523510420,0,node
C977997405,0,node
C280531669,0,node
C1027569178,0,node
C1469907228,0,node
C1160652496,0,node
C2030138610,0,node
C1988746735,0,node
C439232821,0,node
C1264754451,0,node
C463381475,0,node
C1441243996,0,node
C1495445111,0,node
C720770771,0,node
C1038820134,0,node
C1658020779,0,node
C988690806,0,node
C667890001,0,node
C310276293,0,node
C1494277749,0,node
C1091107430,0,node
C521342639,0,node
C2114629072,0,node
C557197074,0,node
C669725336,0,node
C537536188,0,node
C197491520,0,node
C458998685,0,node
C1700421020,0,node
C345290829,0,node
C883678948,0,node
C1906947271,0,node
C1177072083,0,node
C2010070923,0,node
C502891368,0,node
C566891420,0,node
C577734751,0,node
C752011518,0,node
C2103569615,0,node
C214320652,0,node
C1379207867,0,node
C443491171,0,node
C1589466857,0,node
C1676888944,0,node
C458817438,0,node
C795273218,0,node
C1454870101,0,node
C709439274,0,node
C1482166692,0,node
C1091781053,0,node
C1409342262,0,node
C762509150,0,node
C1520491508,0,node
C380616082,0,node
C2145420209,0,node
C600017090,0,node
C259077766,0,node
C1263391254,0,node
C1554086576,0,node
C273777019,0,node
C1644864746,0,node
C829737737,0,node
C2061226112,0,node
C1443173326,0,node
C939254952,0,node
C2100771791,0,node
C98412281,0,node
C1420810053,0,node
C268379633,0,node
C201392112,0,node
C641664202,0,node
C748975217,0,node
C1510087865,0,node
C1366722422,0,node
C254918854,0,node
C12139181,0,node
C1251219927,0,node
C792488644,0,node
C780843029,0,node
C1739555643,0,node
C220165304,0,node
C1094272405,0,node
C973604791,0,node
C564526486,0,node
C1466558382,0,node
C1551303995,0,node
C649630909,0,node
C679449777,0,node
C817054343,0,node
C913746983,0,node
C1660451908,0,node
C1224064486,0,node
C1363800072,0,node
C1886567481,0,node
C361571676,0,node
C749100260,0,node
C846274760,0,node
C1460126155,0,node
C727497138,0,node
C889422145,0,node
C248483913,0,node
C1731137986,0,node
C695248316,0,node
C5255258,0,node
C1928312257,0,node
C1834031967,0,node
C1089680530,0,node
C718512571,0,node
C843867341,0,node
C324507700,0,node
C616443292,0,node
C1540832538,0,node
C183259297,0,node
C626393072,0,node
C1892869131,0,node
C302987494,0,node
C1882116496,0,node
C2081964843,0,node
C1893899796,0,node
C94682872,0,node
C608817143,0,node
C1658487789,0,node
C1568949719,0,node
C936906727,0,node
C944752500,0,node
C1911138454,0,node
C1082865087,0,node
C364704856,0,node
C1137078855,0,node
C1919125229,0,node
C347808407,0,node
C1773008684,0,node
C437630857,0,node
C1365575811,0,node
C1817154869,0,node
C1540476618,0,node
C818093527,0,node
C1234905692,0,node
C1500379239,0,node
C203409950,0,node
C605705199,0,node
C876823802,0,node
C47918293,0,node
C1894144426,0,node
C102103410,0,node
C677317086,0,node
C1933129092,0,node
C827328832,0,node
C405252209,0,node
C1223050066,0,node
C1917442783,0,node
C1130551263,0,node
C1713605602,0,node
C472234151,0,node
C537265886,0,node
C1963974958,0,node
C260638966,0,node
C1045985568,0,node
C788048067,0,node
C619985571,0,node
C1677543539,0,node
C504478805,0,node
C1967432164,0,node
C1893772493,0,node
C2035801202,0,node
C1790387225,0,node
C984412970,0,node
C1340057206,0,node
C137123763,0,node
C1541942595,0,node
C100708535,0,node
C878598679,0,node
C1587872480,0,node
C1144897090,0,node
C1195064186,0,node
C24334184,0,node
C2008547236,0,node
C1590792382,0,node
C1076855029,0,node
C1539088279,0,node
C322830747,0,node
C1094199074,0,node
C2108440536,0,node
C1112758237,0,node
C553821397,0,node
C553879264,0,node
C1028472807,0,node
C1710783020,0,node
C1365790282,0,node
C1826747905,0,node
C948395645,0,node
C512256603,0,node
C226586078,0,node
C1848886161,0,node
C1816468636,0,node
C834824701,0,node
C925568390,0,node
C1198817209,0,node
C51460663,0,node
C557725225,0,node
C1318475957,0,node
C712732521,0,node
C540092563,0,node
C1894698434,0,node
C205615258,0,node
C2108708444,0,node
C1424788681,0,node
C1428726828,0,node
C443502884,0,node
C247644034,0,node
C1824570614,0,node
C854989361,0,node
C1720865719,0,node
C1369468094,0,node
C1235635586,0,node
C1725054538,0,node
C1302141801,0,node
C622820646,0,node
C1389432760,0,node
C535352603,0,node
C577245010,0,node
C1624788833,0,node
C843959601,0,node
C1346197173,0,node
C1924966548,0,node
C533173186,0,node
C848958019,0,node
C758465579,0,node
C1167327028,0,node
C936628786,0,node
C1478334108,0,node
C726051009,0,node
C701166114,0,node
C1481751887,0,node
C2094115865,0,node
C1017792343,0,node
C1774468680,0,node
C981487964,0,node
C478182173,0,node
C596333086,0,node
C456785282,0,node
C560465923,0,node
C210474732,0,node
C764358458,0,node
C539240764,0,node
C201804812,0,node
C1498016680,0,node
C1490985125,0,node
C707506411,0,node
C755328698,0,node
C1999135802,0,node
C85357160,0,node
C683718244,0,node
C452457802,0,node
C1857910993,0,node
C1130598644,0,node
C1760401098,0,node
C841537936,0,node
C1424439581,0,node
C626626764,0,node
C1372137902,0,node
C701681793,0,node
C1088744071,0,node
C1484275564,0,node
C981159997,0,node
C1657125852,0,node
C465909321,0,node
C1205419533,0,node
C1964926542,0,node
C369901249,0,node
C80756779,0,node
C1970779713,0,node
C827579900,0,node
C681747431,0,node
C280223635,0,node
C245530164,0,node
C866273692,0,node
C242408359,0,node
C3392189,0,node
C1009916891,0,node
C612716569,0,node
C1296928719,0,node
C1862674654,0,node
C507061061,0,node
C1290614253,0,node
C740467528,0,node
C1960253514,0,node
C1748097277,0,node
C1803890702,0,node
C1556061855,0,node
C1513029997,0,node
C986944742,0,node
C1616438581,0,node
C501951555,0,node
C1002041276,0,node
C724028528,0,node
C467313213,0,node
C1822630059,0,node
C1356236848,0,node
C1987354705,0,node
C61304908,0,node
C1733619456,0,node
C1637601612,0,node
C170106909,0,node
C1969347346,0,node
C615853374,0,node
C366916060,0,node
C1855734078,0,node
C1526062841,0,node
C920446957,0,node
C869290854,0,node
C1989332276,0,node
C851480926,0,node
C1895054149,0,node
C651235118,0,node
C2111247080,0,node
C36627152,0,node
C1048128739,0,node
C1404834600,0,node
C1008612116,0,node
C2028036437,0,node
C1420012431,0,node
C1780399359,0,node
C428245792,0,node
C1353759820,0,node
C331748029,0,node
C1802736936,0,node
C1105090408,0,node
C687501326,0,node
C235151116,0,node
C295055909,0,node
C300811000,0,node
C1638249646,0,node
C1533672820,0,node
C1132369181,0,node
C1671816300,0,node
C1240412896,0,node
C1809129176,0,node
C1370224403,0,node
C1296910502,0,node
C1069584108,0,node
C2063786038,0,node
C505968231,0,node
C1107404311,0,node
C465152579,0,node
C234223040,0,node
C1723278948,0,node
C1489831627,0,node
C1689458432,0,node
C195970976,0,node
C1957282992,0,node
C470132045,0,node
C1710191146,0,node
C558404860,0,node
C274100821,0,node
C474933596,0,node
C1520656618,0,node
C237484673,0,node
C1412656257,0,node
C904208473,0,node
C1237144823,0,node
C1998882269,0,node
C1511180072,0,node
C1851522556,0,node
C1031968647,0,node
C1371400311,0,node
C1227867806,0,node
C800493254,0,node
C987595204,0,node
C438123546,0,node
C22668134,0,node
C609389093,0,node
C397318359,0,node
C1495407511,0,node
C1791267914,0,node
C972843820,0,node
C1055104416,0,node
C130850024,0,node
C202064342,0,node
C738174829,0,node
C1830969563,0,node
C1237264838,0,node
C4181455,0,node
C1177101170,0,node
C1816397102,0,node
C1393198164,0,node
C1377160602,0,node
C823758059,0,node
C1965036946,0,node
C1999036805,0,node
C178603358,0,node
C1574573264,0,node
C1033880954,0,node
C3886839,0,node
C451959555,0,node
C1502079282,0,node
C1539038539,0,node
C623051334,0,node
C1250644519,0,node
C1769598893,0,node
C1517116047,0,node
C1248276879,0,node
C402207819,0,node
C1424497441,0,node
C953528583,0,node
C1156210828,0,node
C1158124724,0,node
C809860628,0,node
C1663738275,0,node
C995631377,0,node
C512238546,0,node
C1991290395,0,node
C1279469670,0,node
C1627781283,0,node
C2011342562,0,node
C429804587,0,node
C1691858720,0,node
C1538511917,0,node
C46259342,0,node
C1316001196,0,node
C699871906,0,node
C1365711624,0,node
C291651850,0,node
C1658785779,0,node
C1659435106,0,node
C1011481270,0,node
C1951500432,0,node
C1061018585,0,node
C1814908102,0,node
C1630841930,0,node
C1907467420,0,node
C930317866,0,node
C1486553742,0,node
C167693809,0,node
C990870941,0,node
C1552179791,0,node
C589309113,0,node
C708926121,0,node
C1406004470,0,node
C1655955258,0,node
C2115087165,0,node
C596779307,0,node
C1531175283,0,node
C1415545023,0,node
C586831282,0,node
C1298557761,0,node
C821342630,0,node
C1079190991,0,node
C2042884127,0,node
C889928215,0,node
C1721576219,0,node
C514453513,0,node
C1565713391,0,node
C1430207342,0,node
C1312843412,0,node
C1522119751,0,node
C1334618867,0,node
C364480205,0,node
C1103505488,0,node
C847606512,0,node
C401891515,0,node
C2099932844,0,node
C739210872,0,node
C1789282489,0,node
C1949126165,0,node
C143295000,0,node
C1097069005,0,node
C65438140,0,node
C37400149,0,node
C1745608181,0,node
C763610533,0,node
C2114270481,0,node
C1405055124,0,node
C653337757,0,node
C10915321,0,node
C131037934,0,node
C454440929,0,node
C1685134322,0,node
C1008608255,0,node
C1613332278,0,node
C1455177644,0,node
C732189840,0,node
C8996952,0,node
C1937693946,0,node
C1053744929,0,node
C1959758632,0,node
C918899286,0,node
C861522296,0,node
C2074492901,0,node
C1933077874,0,node
C1865617081,0,node
C308021294,0,node
C1756160273,0,node
C1844579038,0,node
C1074844820,0,node
C1229184766,0,node
C404586280,0,node
C800497654,0,node
C2135790485,0,node
C877363600,0,node
C2042979183,0,node
C1904609259,0,node
C1971283804,0,node
C1735330400,0,node
C1398508580,0,node
C1438000681,0,node
C98974893,0,node
C54134077,0,node
C546446235,0,node
C1537689020,0,node
C1437983537,0,node
C23053378,0,node
C1164622694,0,node
C2107706203,0,node
C564086167,0,node
C773238925,0,node
C7395550,0,node
C1499418021,0,node
C1082528716,0,node
C298724898,0,node
C332244937,0,node
C989440614,0,node
C1997625595,0,node
C152848959,0,node
C1657842786,0,node
C1747371038,0,node
C1691629865,0,node
C1132379993,0,node
C1103666479,0,node
C761863997,0,node
C467401150,0,node
C497479191,0,node
C1015122628,0,node
C1533662221,0,node
C368153528,0,node
C810196347,0,node
C1921553024,0,node
C78265654,0,node
C47268007,0,node
C715289224,0,node
C2011695710,0,node
C495857386,0,node
C2124731287,0,node
C624693846,0,node
C1346354118,0,node
C278879704,0,node
C1244815033,0,node
C1475759966,0,node
C423711439,0,node
C741390111,0,node
C247795540,0,node
C584501954,0,node
C374646930,0,node
C828610686,0,node
C1596144422,0,node
C1157199772,0,node
C99132505,0,node
C1285463992,0,node
C1075082007,0,node
C424944647,0,node
C209360767,0,node
C1837533591,0,node
C1956746660,0,node
C799260198,0,node
C989033734,0,node
C2081269248,0,node
C565079667,0,node
C357653585,0,node
C1688770224,0,node
C296234255,0,node
C450589816,0,node
C988179589,0,node
C378814088,0,node
C1174714624,0,node
C121466124,0,node
C238467882,0,node
C962700314,0,node
C1515116175,0,node
C913806791,0,node
C220432328,0,node
C961983234,0,node
C352378889,0,node
C533956291,0,node
C249515830,0,node
C43856716,0,node
C269458366,0,node
C334099170,0,node
C1731967318,0,node
C215478702,0,node
C1625901537,0,node
C1011599868,0,node
C109065770,0,node
C896134613,0,node
C526720216,0,node
C2097361633,0,node
C2050320909,0,node
C13117403,0,node
C930900166,0,node
C1401737458,0,node
C37268876,0,node
C1125098735,0,node
C392289808,0,node
C585074510,0,node
C1699486292,0,node
C1541075662,0,node
C1121072891,0,node
C435297131,0,node
C355649049,0,node
C324579982,0,node
C435803541,0,node
C2112135199,0,node
C2005706991,0,node
C546217718,0,node
C639467920,0,node
C1625939772,0,node
C151515831,0,node
C1400582895,0,node
C1264701638,0,node
C1870749311,0,node
C810262298,0,node
C1969856053,0,node
C276714561,0,node
C641030345,0,node
C2108318195,0,node
C1647402786,0,node
C1458748394,0,node
C2029645118,0,node
C185164978,0,node
C2134915053,0,node
C619241052,0,node
C1677984391,0,node
C1871312485,0,node
C1227224309,0,node
C977522995,0,node
C1596653154,0,node
C211199210,0,node
C678962690,0,node
C1745903324,0,node
C1360533184,0,node
C951677655,0,node
C959834536,0,node
C1532409428,0,node
C1396851684,0,node
C1191874608,0,node
C1725266971,0,node
C223975178,0,node
C1404669942,0,node
C2144334265,0,node
C1991094835,0,node
C906448455,0,node
C910504711,0,node
C2110558717,0,node
C1726715997,0,node
C1787987889,0,node
C1968196847,0,node
C1821010113,0,node
C1444494461,0,node
C684230144,0,node
C1602785474,0,node
C1618683794,0,node
C2141066548,0,node
C327840833,0,node
C136312946,0,node
C828447060,0,node
C1046056441,0,node
C2117193231,0,node
C161113555,0,node
C1120670624,0,node
C1746117425,0,node
C967531000,0,node
C286658790,0,node
C701724503,0,node
C634156144,0,node
C2041996211,0,node
C1562950869,0,node
C845388562,0,node
C948424584,0,node
C2027701910,0,node
C1448277333,0,node
C1340086277,0,node
C2034975583,0,node
C2006842965,0,node
C289711450,0,node
C648358364,0,node
C310792845,0,node
C866529530,0,node
C2002097394,0,node
C1466413743,0,node
C2065886345,0,node
C2030121719,0,node
C573102881,0,node
C1219553025,0,node
C605686842,0,node
C1417413828,0,node
C820587705,0,node
C2142129482,0,node
C195163481,0,node
C1062181581,0,node
C1186657657,0,node
C1333529571,0,node
C489047267,0,node
C1613514326,0,node
C1884422865,0,node
C1011104118,0,node
C1046009438,0,node
C62739928,0,node
C1671007220,0,node
C2114687352,0,node
C102318785,0,node
C1868809295,0,node
C1082795132,0,node
C1655242052,0,node
C778806426,0,node
C1599823012,0,node
C1323514615,0,node
C1795468466,0,node
C406358588,0,node
C486759395,0,node
C1247866422,0,node
C80722676,0,node
C1492822331,0,node
C1596009860,0,node
C310212872,0,node
C1805412777,0,node
C1713546896,0,node
C817490653,0,node
C1232433403,0,node
C1093441885,0,node
C843686350,0,node
C1306085976,0,node
C793319856,0,node
C176851829,0,node
C1974606907,0,node
C1925059423,0,node
C358420513,0,node
C1272115420,0,node
C778337881,0,node
C742568993,0,node
C1373861264,0,node
C233519968,0,node
C967460257,0,node
C1940912369,0,node
C1080167822,0,node
C1236303587,0,node
C1710228600,0,node
C1856589162,0,node
C1300132917,0,node
C1853422837,0,node
C91220956,0,node
C8197402,0,node
C692838068,0,node
C528877978,0,node
C15910024,0,node
C2076829355,0,node
C1112075608,0,node
C1164241227,0,node
C1414744767,0,node
C1164394344,0,node
C665565246,0,node
C438228197,0,node
C476973576,0,node
C32496853,0,node
C2062667107,0,node
C1009218257,0,node
C1128158063,0,node
C262815725,0,node
C159917166,0,node
C1012552887,0,node
C1643299824,0,node
C1098568947,0,node
C795594631,0,node
C1492219097,0,node
C2026371507,0,node
C1871542036,0,node
C510368405,0,node
C1299145277,0,node
C178393154,0,node
C244577237,0,node
C1290698656,0,node
C2049348234,0,node
C1612496268,0,node
C1904273153,0,node
C94748968,0,node
C1497558532,0,node
C1970377948,0,node
C351970188,0,node
C115086468,0,node
C800456240,0,node
C594916129,0,node
C1533972343,0,node
C1329897103,0,node
C1848163207,0,node
C1923810797,0,node
C205278236,0,node
C1031586763,0,node
C1835841364,0,node
C809822663,0,node
C1225353990,0,node
C1560670039,0,node
C602858680,0,node
C1519911160,0,node
C1075996552,0,node
C1532800776,0,node
C1887466020,0,node
C1074630954,0,node
C2056566350,0,node
C306674056,0,node
C1943444495,0,node
C486662053,0,node
C222300483,0,node
C838800272,0,node
C2015007762,0,node
C333879495,0,node
C183304529,0,node
C521331027,0,node
C1511004956,0,node
C559998250,0,node
C703627308,0,node
C1626529981,0,node
C1184694332,0,node
C1799424291,0,node
C540923243,0,node
C1835316563,0,node
C490630452,0,node
C648630181,0,node
C678680178,0,node
C1002911155,0,node
C1124317168,0,node
C2006835220,0,node
C1547817015,0,node
C1590129041,0,node
C340789130,0,node
C208184824,0,node
C1774589469,0,node
C773296871,0,node
C1052127672,0,node
C1811880447,0,node
C1314228008,0,node
C1299126654,0,node
C1692523793,0,node
C1771687225,0,node
C2128195220,0,node
C1095203437,0,node
C824357143,0,node
C698498109,0,node
C1877240674,0,node
C1642356615,0,node
C812168041,0,node
C1418851979,0,node
C1936375962,0,node
C116184677,0,node
C1161382705,0,node
C516413619,0,node
C990684641,0,node
C1538462491,0,node
C1423752095,0,node
C1962865655,0,node
C704869156,0,node
C1777043124,0,node
C1482344533,0,node
C1538849250,0,node
C1788034018,0,node
C1601756706,0,node
C1366212088,0,node
C1300576734,0,node
C657069980,0,node
C1730182538,0,node
C2083154356,0,node
C10885570,0,node
C1687087217,0,node
C403960809,0,node
C991242536,0,node
C1366499339,0,node
C931911789,0,node
C1773336805,0,node
C168870325,0,node
C440472115,0,node
C2082678778,0,node
C1598434875,0,node
C1476812556,0,node
C1482429406,0,node
C1919576980,0,node
C1378559537,0,node
C518167684,0,node
C1997704619,0,node
C1775120226,0,node
C211649273,0,node
C419280591,0,node
C1622863652,0,node
C1932244589,0,node
C1173504361,0,node
C1147394515,0,node
C1402333753,0,node
C1340086275,0,node
C1869177530,0,node
C168468389,0,node
C359806817,0,node
C1503614751,0,node
C66845334,0,node
C1181567472,0,node
C763236610,0,node
C719182854,0,node
C1832284192,0,node
C918307166,0,node
C1786040872,0,node
C1785807415,0,node
C1924802798,0,node
C1320869181,0,node
C1226298219,0,node
C755759908,0,node
C2068100669,0,node
C1248435962,0,node
C944348744,0,node
C397309480,0,node
C1702478809,0,node
C45643137,0,node
C1123166613,0,node
C678115778,0,node
C123674777,0,node
C471004142,0,node
C689448569,0,node
C1555793073,0,node
C1787083818,0,node
C1360878852,0,node
C654740048,0,node
C1395173825,0,node
C1534655921,0,node
C291847739,0,node
C463215441,0,node
C385784873,0,node
C1160106451,0,node
C518692141,0,node
C198374825,0,node
C125865913,0,node
C2000410491,0,node
C1800932232,0,node
C1852821063,0,node
C1827212229,0,node
C442205321,0,node
C1871678080,0,node
C1921012072,0,node
C670153696,0,node
C2082545616,0,node
C763677574,0,node
C92864491,0,node
C196025267,0,node
C635001030,0,node
C1149388444,0,node
C886004375,0,node
C232726781,0,node
C1767532961,0,node
C1060549703,0,node
C1592712032,0,node
C1073878937,0,node
C858727880,0,node
C1272753974,0,node
C731610911,0,node
C138933223,0,node
C425275537,0,node
C1792473683,0,node
C99042020,0,node
C1241758568,0,node
C1908999587,0,node
C1738561265,0,node
C611739613,0,node
C184244257,0,node
C1545666472,0,node
C797416363,0,node
C1186989416,0,node
C1166361824,0,node
C761680655,0,node
C1928174253,0,node
C1500588149,0,node
C1502882632,0,node
C409596180,0,node
C1217089772,0,node
C1620112330,0,node
C632841653,0,node
C261838162,0,node
C1752365512,0,node
C199150625,0,node
C1580874189,0,node
C569976699,0,node
C1566099239,0,node
C973692608,0,node
C1423586012,0,node
C1844942991,0,node
C586917260,0,node
C803768841,0,node
C1723848804,0,node
C570422884,0,node
C509806761,0,node
C1859928417,0,node
C1378280450,0,node
C339788561,0,node
C2017380745,0,node
C501036152,0,node
C261567641,0,node
C1295225869,0,node
C1137667747,0,node
C935722070,0,node
C29369803,0,node
C1350720002,0,node
C1753259207,0,node
C1883237069,0,node
C1884387196,0,node
C843149630,0,node
C1590404373,0,node
C1361921411,0,node
C716972621,0,node
C332234405,0,node
C271422148,0,node
C731368479,0,node
C1618099562,0,node
C405950359,0,node
C1693799911,0,node
C1897368146,0,node
C16736375,0,node
C180078856,0,node
C1152380885,0,node
C161982472,0,node
C1914740115,0,node
C646445398,0,node
C502102804,0,node
C700348233,0,node
C1602530280,0,node
C1179689991,0,node
C806572546,0,node
C1783463798,0,node
C283923004,0,node
C1407167674,0,node
C2037806977,0,node
C2017530134,0,node
C181326224,0,node
C609879567,0,node
C1859823482,0,node
C509858326,0,node
C1658704411,0,node
C381930033,0,node
C756637412,0,node
C761973299,0,node
C564893839,0,node
C691096777,0,node
C1312348533,0,node
C905488851,0,node
C1223303171,0,node
C1797159635,0,node
C1676010932,0,node
C329481770,0,node
C173059685,0,node
C310412574,0,node
C1585711807,0,node
C1457417579,0,node
C1500697171,0,node
C1338770454,0,node
C836972194,0,node
C343128256,0,node
C1532756055,0,node
C1956598686,0,node
C1554118033,0,node
C1428022141,0,node
C1618326227,0,node
C160945458,0,node
C1788256184,0,node
C128028301,0,node
C807986446,0,node
C190153364,0,node
C2004628751,0,node
C5021240,0,node
C1272744797,0,node
C1003307628,0,node
C1919555524,0,node
C1573125303,0,node
C206310209,0,node
C1416097444,0,node
C2054787417,0,node
C1878225987,0,node
C1393112209,0,node
C1991386317,0,node
C2012095985,0,node
C1842952737,0,node
C1471800355,0,node
C810169941,0,node
C915233792,0,node
C312565954,0,node
C1798861270,0,node
C783785150,0,node
C70788844,0,node
C1801704517,0,node
C817018735,0,node
C602830277,0,node
C296204898,0,node
C809520570,0,node
C1275626728,0,node
C589016913,0,node
C1938259481,0,node
C96453207,0,node
C877804870,0,node
C65551384,0,node
C2017393480,0,node
C1562595588,0,node
C205810452,0,node
C1145302895,0,node
C1366629983,0,node
C722160979,0,node
C1885927370,0,node
C945064729,0,node
C1101721002,0,node
C123418227,0,node
C219812012,0,node
C1875520143,0,node
C838627755,0,node
C754707140,0,node
C1081633119,0,node
C2040623756,0,node
C176097974,0,node
C1106468732,0,node
C1120072844,0,node
C805690186,0,node
C1113414982,0,node
C428798670,0,node
C1287455719,0,node
C1392271025,0,node
C2053349061,0,node
C336927685,0,node
C806588571,0,node
C2771454,0,node
C1717136008,0,node
C1521389237,0,node
C1989495347,0,node
C614635686,0,node
C159562640,0,node
C670517043,0,node
C2079278380,0,node
C1270383967,0,node
C1476061571,0,node
C1244263056,0,node
C1273895132,0,node
C1153802607,0,node
C1098737173,0,node
C2054077982,0,node
C556945462,0,node
C1217741734,0,node
C1651689839,0,node
C1843594609,0,node
C1591954203,0,node
C1015659282,0,node
C1220813917,0,node
C1039759545,0,node
C2030458766,0,node
C145105559,0,node
C1638471954,0,node
C392403246,0,node
C1553077867,0,node
C1704535540,0,node
C1288815068,0,node
C1206946689,0,node
C194903130,0,node
C663215704,0,node
C1704600661,0,node
C645208036,0,node
C1114525788,0,node
C1526866775,0,node
C1871580398,0,node
C1632300236,0,node
C1360440329,0,node
C78816013,0,node
C1455064947,0,node
C2110785285,0,node
C219638321,0,node
C1199833406,0,node
C1833592262,0,node
C1285072597,0,node
C959055079,0,node
C234857227,0,node
C1832657711,0,node
C466577384,0,node
C1399398408,0,node
C465233746,0,node
C1559788797,0,node
C978035840,0,node
C943165647,0,node
C320850799,0,node
C142103421,0,node
C704387627,0,node
C128077491,0,node
C634638280,0,node
C628164202,0,node
C1340634558,0,node
C1251247808,0,node
C1089341986,0,node
C361903111,0,node
C1465126864,0,node
C1489946715,0,node
C356691811,0,node
C552416003,0,node
C979532928,0,node
C1235908203,0,node
C1694519286,0,node
C1445758842,0,node
C10001825,0,node
C835426017,0,node
C1677921169,0,node
C540206885,0,node
C1294139740,0,node
C943659381,0,node
C1939869193,0,node
C652007616,0,node
C1145391264,0,node
C2000421523,0,node
C995531141,0,node
C767393855,0,node
C836621476,0,node
C1529002352,0,node
C584157293,0,node
C2113273959,0,node
C1386020581,0,node
C2090894907,0,node
C1955587357,0,node
C1095849663,0,node
C960004592,0,node
C1257532915,0,node
C183995527,0,node
C2098830440,0,node
C902654164,0,node
C829053325,0,node
C1805845895,0,node
C1446238973,0,node
C783141366,0,node
C1638864144,0,node
C2005762793,0,node
C1502616653,0,node
C227381657,0,node
C1613424566,0,node
C1907178890,0,node
C1880052106,0,node
C333085360,0,node
C638580151,0,node
C2011912080,0,node
C832322085,0,node
C250702170,0,node
C136011184,0,node
C1899609393,0,node
C1262477422,0,node
C1041735841,0,node
C2030707995,0,node
C353296011,0,node
C371156515,0,node
C1735962278,0,node
C1763872389,0,node
C1481853275,0,node
C794940817,0,node
C1903406683,0,node
C1403649277,0,node
C569661948,0,node
C1293495023,0,node
C138708980,0,node
C263588219,0,node
C771642661,0,node
C1788582153,0,node
C1440332016,0,node
C1137935956,0,node
C1831875736,0,node
C874111547,0,node
C1896712674,0,node
C1338065644,0,node
C884111637,0,node
C462911221,0,node
C2044272973,0,node
C500660587,0,node
C1463823265,0,node
C1881868027,0,node
C1548962651,0,node
C60187547,0,node
C1649884294,0,node
C337813415,0,node
C716206126,0,node
C284268103,0,node
C959897458,0,node
C244190700,0,node
C1979325411,0,node
C69670055,0,node
C426052262,0,node
C1021656938,0,node
C1055300312,0,node
C443348849,0,node
C1507293264,0,node
C1619369818,0,node
C2144912729,0,node
C150079886,0,node
C1437107223,0,node
C9054826,0,node
C1714539364,0,node
C1209962934,0,node
C336400944,0,node
C1097380,0,node
C2082353865,0,node
C1037572328,0,node
C1102181662,0,node
C1203142603,0,node
C1707634104,0,node
C180489140,0,node
C2091439256,0,node
C1803714790,0,node
C1428527783,0,node
C1715602761,0,node
C1825923873,0,node
C1118998513,0,node
C1905114489,0,node
C1988664928,0,node
C1886381510,0,node
C1446511153,0,node
C1693580552,0,node
C674233333,0,node
C1440939580,0,node
C1172417096,0,node
C780172372,0,node
C606740638,0,node
C730584984,0,node
C969115094,0,node
C1764622989,0,node
C1138845999,0,node
C1048332309,0,node
C204844842,0,node
C406180845,0,node
C1713453581,0,node
C178575564,0,node
C1018742990,0,node
C534643569,0,node
C1891673045,0,node
C1552836537,0,node
C638204510,0,node
C1226858597,0,node
C1007402143,0,node
C1681434622,0,node
C1331654213,0,node
C1081635795,0,node
C1410514922,0,node
C1195615010,0,node
C941453849,0,node
C335466988,0,node
C848961421,0,node
C173431997,0,node
C1875025322,0,node
C1298330822,0,node
C1969875555,0,node
C247269033,0,node
C1289454852,0,node
C1994085390,0,node
C271944754,0,node
C974606690,0,node
C707281900,0,node
C541248718,0,node
C551421413,0,node
C918606013,0,node
C1579139754,0,node
C1754087707,0,node
C942444738,0,node
C140110402,0,node
C678654833,0,node
C720661245,0,node
C1979860449,0,node
C835631769,0,node
C197107207,0,node
C1878454236,0,node
C82517097,0,node
C721648892,0,node
C1150436743,0,node
C1960031800,0,node
C1149747394,0,node
C309271464,0,node
C973604748,0,node
C1401095299,0,node
C704143329,0,node
C1134601005,0,node
C963573938,0,node
C1921143808,0,node
C435034854,0,node
C1594981181,0,node
C292856581,0,node
C1907808127,0,node
C409393797,0,node
C1291485735,0,node
C2015521846,0,node
C1063801186,0,node
C301205240,0,node
C159860059,0,node
C1647303553,0,node
C523331047,0,node
C784556863,0,node
C492656161,0,node
C20084184,0,node
C364389956,0,node
C1464652578,0,node
C295466076,0,node
C991875403,0,node
C466056887,0,node
C168776700,0,node
C501991708,0,node
C404648659,0,node
C757541645,0,node
C1547994163,0,node
C459030111,0,node
C1802073627,0,node
C639769517,0,node
C905329146,0,node
C1818440653,0,node
C131709548,0,node
C2111181256,0,node
C386040589,0,node
C663119869,0,node
C1800592689,0,node
C235154585,0,node
C1119277260,0,node
C1062163248,0,node
C1963980755,0,node
C639690519,0,node
C1983283775,0,node
C724886412,0,node
C2144496344,0,node
C347136295,0,node
C276970866,0,node
C1183701566,0,node
C1422883946,0,node
C1349872758,0,node
C388623360,0,node
C480118726,0,node
C722513129,0,node
C1377212248,0,node
C1167792250,0,node
C1799521220,0,node
C1668004795,0,node
C17680342,0,node
C1903051549,0,node
C2121551683,0,node
C296223788,0,node
C1765350920,0,node
C904612411,0,node
C1753542873,0,node
C649681675,0,node
C271614685,0,node
C975354582,0,node
C1694408103,0,node
C1595354442,0,node
C2011982397,0,node
C1910098693,0,node
C57407566,0,node
C632627844,0,node
C2016142571,0,node
C947462790,0,node
C886343183,0,node
C1716855490,0,node
C1107201631,0,node
C811792884,0,node
C538375433,0,node
C1864007931,0,node
C1512273713,0,node
C2099878104,0,node
C1778422985,0,node
C1369885738,0,node
C285058000,0,node
C555943503,0,node
C1332439166,0,node
C684407333,0,node
C1431699407,0,node
C1828559444,0,node
C162144258,0,node
C1943275118,0,node
C1513071903,0,node
C1905548224,0,node
C1240328647,0,node
C1858976440,0,node
C435626542,0,node
C1013528106,0,node
C72615125,0,node
C1555965524,0,node
C1231696346,0,node
C1367612102,0,node
C1130258687,0,node
C1727026317,0,node
C512140711,0,node
C1948224958,0,node
C170778406,0,node
C1840217399,0,node
C1192603187,0,node
C531373404,0,node
C277497558,0,node
C392760852,0,node
C707719282,0,node
C788592721,0,node
C527939020,0,node
C1972772630,0,node
C773300030,0,node
C1397516135,0,node
C698437724,0,node
C839552703,0,node
C1152487396,0,node
C1295820487,0,node
C585496942,0,node
C1821580597,0,node
C1225927567,0,node
C1071933072,0,node
C1273675500,0,node
C1529010337,0,node
C1508720236,0,node
C830381116,0,node
C832828638,0,node
C768795248,0,node
C1100288091,0,node
C1207953777,0,node
C351965871,0,node
C865744496,0,node
C1825903149,0,node
C746228466,0,node
C281049997,0,node
C1913386579,0,node
C906741317,0,node
C1323235180,0,node
C1565647145,0,node
C1891974590,0,node
C412410893,0,node
C566760932,0,node
C1933762653,0,node
C707992390,0,node
C356005505,0,node
C1950246647,0,node
C278536229,0,node
C574746715,0,node
C1981372076,0,node
C1905758022,0,node
C810353241,0,node
C488898339,0,node
C557016605,0,node
C1821581506,0,node
C873769155,0,node
C919376773,0,node
C217389263,0,node
C2031467683,0,node
C1758876146,0,node
C987015126,0,node
C507765539,0,node
C1248310508,0,node
C275002771,0,node
C261216862,0,node
C248146548,0,node
C2046652309,0,node
C1216611732,0,node
C1237743088,0,node
C344080246,0,node
C110197684,0,node
C1859216983,0,node
C339933064,0,node
C289281017,0,node
C478123697,0,node
C2038020279,0,node
C2047147687,0,node
C465869765,0,node
C2070830098,0,node
C1332150216,0,node
C306889029,0,node
C770669178,0,node
C619199769,0,node
C1544031987,0,node
C411876574,0,node
C1323706655,0,node
C721671471,0,node
C937437482,0,node
C1257703748,0,node
C891715540,0,node
C3768050,0,node
C916897446,0,node
C1156135967,0,node
C1110913929,0,node
C174245837,0,node
C2083969860,0,node
C2030294088,0,node
M1979787155,0,node
M2044282225,0,node
M1230701703,0,node
M573487274,0,node
M408069119,0,node
M633326333,0,node
M1176932104,0,node
C195600860,0,node
C997608398,0,node
M2096539129,0,node
M972865270,0,node
M801569151,0,node
M1635378213,0,node
C476402209,0,node
M1731217984,0,node
M1877062907,0,node
M473053293,0,node
C1100439041,0,node
M1344519051,0,node
C1973538135,0,node
C515132998,0,node
M1404932042,0,node
C932583850,0,node
M1558079303,0,node
M58488213,0,node
M295304806,0,node
M33419717,0,node
M1940055334,0,node
M335107734,0,node
M1757317128,0,node
M1804441305,0,node
M1971783162,0,node
M151442075,0,node
M70695990,0,node
M1615617512,0,node
M107994825,0,node
M1426725223,0,node
M1384454980,0,node
M1569435561,0,node
C1297685781,0,node
C1509514333,0,node
M267814113,0,node
M1593224710,0,node
M1849015357,0,node
M2008106788,0,node
C824009085,0,node
C248609774,0,node
M490391704,0,node
M1653361344,0,node
C2001112025,0,node
M909132503,0,node
M1792384402,0,node
M1658980982,0,node
M1152606315,0,node
M1714688478,0,node
M1506951181,0,node
C1937962514,0,node
C242131142,0,node
C476800120,0,node
C1254526270,0,node
C1129670968,0,node
M1860591867,0,node
C1971489295,0,node
M516875052,0,node
M589987187,0,node
M587180314,0,node
C1330106945,0,node
M1082411691,0,node
C2096057945,0,node
C766572210,0,node
C977993101,0,node
M2134271532,0,node
M1831010686,0,node
M404222443,0,node
M61073295,0,node
M396485834,0,node
C1761291320,0,node
C783286238,0,node
C1749186397,0,node
C392292416,0,node
C1590550415,0,node
C665576141,0,node
C1359044626,0,node
C1286084959,0,node
C1225616405,0,node
M1651262695,0,node
M494077446,0,node
M989889899,0,node
M902860396,0,node
M1816522350,0,node
M1521238608,0,node
M1111897955,0,node
M1643141512,0,node
C1282788025,0,node
C1870252780,0,node
C97730845,0,node
C100555887,0,node
C1983747920,0,node
C736709391,0,node
C401424608,0,node
C985934102,0,node
M25764044,0,node
M1925352804,0,node
C33524623,0,node
C575335780,0,node
M1600594643,0,node
M692998280,0,node
C20671747,0,node
M33563464,0,node
C564160838,0,node
M30699728,0,node
M1422273905,0,node
C801197928,0,node
M756936249,0,node
M264394929,0,node
M769132147,0,node
M1474957626,0,node
M1733022752,0,node
C451111351,0,node
C716157500,0,node
M1914108708,0,node
M1357700757,0,node
M1889757798,0,node
M1932470703,0,node
M1713568869,0,node
C1688019098,0,node
M1689924104,0,node
M631673932,0,node
C1321640594,0,node
M790094605,0,node
M487792155,0,node
M1632670136,0,node
C1170794006,0,node
M638486177,0,node
M314411620,0,node
C747464370,0,node
C288665596,0,node
C453211571,0,node
C757108857,0,node
C1023714065,0,node
C240650537,0,node
C1209271652,0,node
C2083562754,0,node
C557041912,0,node
C1435804085,0,node
C1854778591,0,node
C885951223,0,node
C1060830840,0,node
C920011586,0,node
C1360767589,0,node
C1531333864,0,node
C434091818,0,node
C1504109395,0,node
C1740000325,0,node
C796533847,0,node
C357863579,0,node
C1789550256,0,node
M1555990397,0,node
M1291367132,0,node
M1479140596,0,node
M1275028674,0,node
M204805934,0,node
M1019484860,0,node
M1640899500,0,node
M473666452,0,node
M2138005960,0,node
C510113906,0,node
M67730604,0,node
M710623214,0,node
C1810132623,0,node
C1096283470,0,node
C75457651,0,node
M1896552614,0,node
M1033856359,0,node
M904253669,0,node
M1431710377,0,node
M2116511124,0,node
M1348916831,0,node
M125644421,0,node
M1493158871,0,node
M1806880779,0,node
M446445803,0,node
M1280603381,0,node
M1424108509,0,node
M1414013111,0,node
M778162712,0,node
M548482954,0,node
M777341499,0,node
M1378497201,0,node
M1577167234,0,node
M1591916281,0,node
M1884231057,0,node
M333793193,0,node
M937277082,0,node
M234740890,0,node
C1076835071,0,node
M179294202,0,node
M593103894,0,node
M1601935322,0,node
M1803093683,0,node
M962287291,0,node
M109069556,0,node
M828326869,0,node
M1817789863,0,node
M1678709153,0,node
M2016828666,0,node
M1064154107,0,node
M415565467,0,node
C1335050193,0,node
M1214133948,0,node
M782228073,0,node
M391506011,0,node
M352776719,0,node
M1112527632,0,node
M955324150,0,node
M1852661033,0,node
M1814423236,0,node
M1218519094,0,node
M1894758168,0,node
M1242688388,0,node
M1316005672,0,node
M1463022229,0,node
M1455855843,0,node
M256346753,0,node
C466505482,0,node
M2145896000,0,node
C1750905143,0,node
M852026681,0,node
M94919826,0,node
M1201004240,0,node
M349259569,0,node
M1204088028,0,node
M1552221437,0,node
M1685407532,0,node
M1272051933,0,node
M1041547629,0,node
M2018220300,0,node
M633079302,0,node
M2033268925,0,node
M1545077099,0,node
M1135278099,0,node
M1268974304,0,node
M451312813,0,node
M2081000371,0,node
C655381473,0,node
M1178290888,0,node
C1291286504,0,node
M251664534,0,node
C485041780,0,node
M1141500277,0,node
M712410791,0,node
M2126723403,0,node
M824881806,0,node
M663466110,0,node
M864138492,0,node
M295180183,0,node
M1650113431,0,node
M183155105,0,node
M2001115307,0,node
M172794870,0,node
C1234776885,0,node
M707531688,0,node
M1799635803,0,node
M1723290893,0,node
M2085886997,0,node
M1770070706,0,node
C1899073220,0,node
C998351292,0,node
C909295153,0,node
C1318822808,0,node
M1964434661,0,node
M1585571244,0,node
M66724371,0,node
C488044861,0,node
C601893033,0,node
C1651855867,0,node
C660143728,0,node
C503195940,0,node
C215145189,0,node
C990398217,0,node
C11003494,0,node
C1068824137,0,node
C2083117811,0,node
M1732663543,0,node
C1568059495,0,node
C1816757085,0,node
C85777802,0,node
C1454031203,0,node
C1511785794,0,node
C459857341,0,node
C1860513229,0,node
M1479909053,0,node
C811587677,0,node
M733461760,0,node
M1323531427,0,node
M1400973979,0,node
M1105416433,0,node
M404947798,0,node
M1455204443,0,node
M1978209605,0,node
M1394356510,0,node
M1919834117,0,node
C1182461167,0,node
M246003654,0,node
M248710794,0,node
M1073741635,0,node
C1123629720,0,node
C1032986144,0,node
C662736689,0,node
M1625090026,0,node
M265824587,0,node
M41092582,0,node
M1345265484,0,node
M1950800085,0,node
M1337829755,0,node
M314364096,0,node
M1205559205,0,node
M1098986569,0,node
C1540270363,0,node
M276869158,0,node
M1527214863,0,node
M172699023,0,node
M1831882653,0,node
M1552400354,0,node
M1078566479,0,node
M819245704,0,node
M1089584667,0,node
M1865201235,0,node
M1493988307,0,node
M1636322481,0,node
M1338368149,0,node
M1620459733,0,node
M435914790,0,node
M1273958371,0,node
C1629911510,0,node
M1433208870,0,node
M1437988306,0,node
M1718322084,0,node
M251520863,0,node
M731243659,0,node
M1037955032,0,node
M314562573,0,node
M333693383,0,node
M1819038759,0,node
C2050019814,0,node
M331596257,0,node
M509864971,0,node
M911501858,0,node
M694069884,0,node
M747158012,0,node
M948675904,0,node
M785271142,0,node
M2023026843,0,node
M1628551735,0,node
M606775513,0,node
M935160003,0,node
M300604602,0,node
M453398853,0,node
M34073107,0,node
M1658512704,0,node
M1699578227,0,node
M1661777060,0,node
M259630944,0,node
M316335490,0,node
M1637613097,0,node
M515273883,0,node
M1535026957,0,node
M105966264,0,node
M505231702,0,node
M1311292881,0,node
M617928649,0,node
M79919963,0,node
M1907604549,0,node
M353023213,0,node
M979550238,0,node
M1558395480,0,node
M1416415959,0,node
M371397455,0,node
C614685048,0,node
C832279283,0,node
C838411509,0,node
C1262822392,0,node
C1381128261,0,node
C673068808,0,node
C1256728724,0,node
C1832580921,0,node
C146305349,0,node
C22805895,0,node
C1883840933,0,node
M365056339,0,node
M166536076,0,node
M912747546,0,node
M1292472219,0,node
M2117099736,0,node
M2070160397,0,node
M1205580258,0,node
M777313177,0,node
M1327895505,0,node
M1705277839,0,node
M142099757,0,node
M80026551,0,node
M2000469839,0,node
C1825027294,0,node
M2100572327,0,node
M659996839,0,node
C824208363,0,node
C1122805102,0,node
M1367672657,0,node
M2002790740,0,node
M742255664,0,node
M1115013644,0,node
M1070194629,0,node
C306206744,0,node
M385332399,0,node
M883020319,0,node
M1942356772,0,node
M1863100050,0,node
M1155757579,0,node
M1482748887,0,node
M1123226989,0,node
M1115381650,0,node
M2118096382,0,node
M746394140,0,node
M1731763384,0,node
M87242619,0,node
M285074186,0,node
M484841769,0,node
M1274247563,0,node
M1961129028,0,node
M1506938939,0,node
M1850597787,0,node
M1190566357,0,node
M428996455,0,node
M80141040,0,node
M106557175,0,node
M612937843,0,node
M1433956626,0,node
M2109219177,0,node
M259319861,0,node
M1059634518,0,node
M436094532,0,node
M1541433310,0,node
M405036720,0,node
M620456576,0,node
M1923634801,0,node
M418513504,0,node
M188791662,0,node
M1347016882,0,node
M1662912171,0,node
M883380345,0,node
M276748028,0,node
M771923297,0,node
M321772459,0,node
M181078353,0,node
M645875534,0,node
M673672784,0,node
M1056862342,0,node
M1667534569,0,node
M1170111701,0,node
M830863979,0,node
M620423816,0,node
M1690233783,0,node
M553672556,0,node
M1415439780,0,node
M179808568,0,node
M73698537,0,node
M659059448,0,node
M246826139,0,node
M403598020,0,node
M708443754,0,node
M832145584,0,node
M1752535057,0,node
C1466073198,0,node
C1526298704,0,node
C380242442,0,node
C1259769769,0,node
M1971152916,0,node
M1276544608,0,node
M265348534,0,node
M917568725,0,node
C13329486,0,node
M1380044647,0,node
M1998137093,0,node
M2122357625,0,node
M1650332494,0,node
M1340644388,0,node
M1023996917,0,node
C846947180,0,node
M2144644334,0,node
M1635082651,0,node
M1970073944,0,node
M1964847681,0,node
M1681094402,0,node
M820677667,0,node
C1782113663,0,node
M99808631,0,node
M1564892747,0,node
C1653844940,0,node
C597190999,0,node
C990355670,0,node
M905847077,0,node
M878991463,0,node
M1622613647,0,node
M73688220,0,node
M1599674462,0,node
M1205483858,0,node
M1189651769,0,node
M1607869297,0,node
M727860268,0,node
M138536309,0,node
M509559152,0,node
M1801021153,0,node
M22446425,0,node
M1870723838,0,node
M261650860,0,node
M1598898814,0,node
M575360353,0,node
M809383315,0,node
M496757837,0,node
M17600354,0,node
C1686100174,0,node
M1521568953,0,node
M1134202713,0,node
M633131207,0,node
C1831477404,0,node
M1088239991,0,node
M1658511941,0,node
M1878992188,0,node
M1495161082,0,node
C1556995360,0,node
M1497268815,0,node
M1837601499,0,node
M1228798862,0,node
C1219161283,0,node
C317071334,0,node
M1576277927,0,node
M2137642385,0,node
M481553464,0,node
M1908781622,0,node
M796553753,0,node
M975001918,0,node
M907815246,0,node
M677217562,0,node
M1716164115,0,node
M363397863,0,node
M1525844775,0,node
C1877453512,0,node
M1016162524,0,node
M1419125235,0,node
M841166421,0,node
M938199512,0,node
M37841489,0,node
M115945887,0,node
M2079961240,0,node
M1999664216,0,node
M688593710,0,node
C1049817027,0,node
M739737502,0,node
M546796969,0,node
M261845810,0,node
C1850180796,0,node
C644345897,0,node
M207988207,0,node
M799755007,0,node
M1850137076,0,node
C1664439369,0,node
M566641954,0,node
M299819831,0,node
M1442038800,0,node
M1250603112,0,node
C1058634310,0,node
M1806378373,0,node
M1682733268,0,node
M2092885124,0,node
C367746789,0,node
M67671827,0,node
M2013768748,0,node
M1264674474,0,node
M1339345635,0,node
M168957945,0,node
M1379148981,0,node
M832432849,0,node
M176041373,0,node
M726843606,0,node
M1288135425,0,node
M1058650291,0,node
M172518776,0,node
M2129844134,0,node
M1240843015,0,node
M1416706187,0,node
M23076423,0,node
M1721180011,0,node
M1367068823,0,node
M1251788491,0,node
M1457551880,0,node
M424732838,0,node
M290096578,0,node
M217470033,0,node
M938405008,0,node
M211031000,0,node
M14124949,0,node
M1000171161,0,node
M560549459,0,node
M1895479349,0,node
M1648458262,0,node
M650013863,0,node
M123337428,0,node
M1397333381,0,node
M2016038911,0,node
M1509713998,0,node
C1336996537,0,node
M1525114112,0,node
M288615534,0,node
M1416665097,0,node
M619929778,0,node
M808447015,0,node
M1220806149,0,node
M74885833,0,node
M1004009692,0,node
C1793436274,0,node
M569138567,0,node
M443110940,0,node
M910123336,0,node
M455668354,0,node
M1584918772,0,node
M1209451152,0,node
M373437697,0,node
M2048102341,0,node
M813131188,0,node
M748006558,0,node
M1168079523,0,node
M2109027570,0,node
M2052489518,0,node
C1321530272,0,node
M793269462,0,node
C461160828,0,node
M15094126,0,node
M1139609587,0,node
M173060252,0,node
M1720797452,0,node
M777813771,0,node
M1306535359,0,node
M519019247,0,node
M1572442646,0,node
M1545327692,0,node
M416049054,0,node
M743219449,0,node
M659937029,0,node
C403147759,0,node
M1468343491,0,node
M2114537280,0,node
M80499834,0,node
M898695324,0,node
M190628410,0,node
M1972326147,0,node
M1764291958,0,node
M1777745301,0,node
M669053685,0,node
M1840670774,0,node
M769877691,0,node
M1637876401,0,node
M2014233765,0,node
M1869673263,0,node
M1521204009,0,node
M449338124,0,node
C1671179293,0,node
M1504083002,0,node
C1948471365,0,node
M24097622,0,node
M598325842,0,node
C728885526,0,node
M1732410217,0,node
M1693997031,0,node
M1489322191,0,node
M461516748,0,node
M1443900956,0,node
M2032647583,0,node
M1374982240,0,node
M485686996,0,node
M1535116392,0,node
M2115640742,0,node
C793315160,0,node
M1611221523,0,node
M473073770,0,node
M893835279,0,node
M57085696,0,node
M1185618138,0,node
M1109752797,0,node
M1752856108,0,node
M1933328958,0,node
M1888639813,0,node
M178401052,0,node
M936219350,0,node
M1113829504,0,node
M1911978617,0,node
C1961176822,0,node
M2022285740,0,node
M1593368350,0,node
C1782580546,0,node
M1746578747,0,node
M606593028,0,node
C1018298342,0,node
M6559830,0,node
M1982958205,0,node
M846718105,0,node
M583015088,0,node
M1280128554,0,node
M1991724700,0,node
M145455292,0,node
M744316958,0,node
M1215029765,0,node
M1962398162,0,node
M1516417700,0,node
M891894789,0,node
M766696861,0,node
M1296109622,0,node
M1103017075,0,node
M318794136,0,node
M55755528,0,node
M1835778392,0,node
M268599241,0,node
M1736293769,0,node
C2094777811,0,node
M1418315639,0,node
M1381857776,0,node
M1092619788,0,node
M1337835760,0,node
M1807911555,0,node
C1112414583,0,node
M2047744862,0,node
M389779746,0,node
M1984328477,0,node
M991671211,0,node
M1086323658,0,node
M1118414398,0,node
M238874235,0,node
M112797307,0,node
M699221219,0,node
M1526305386,0,node
M1027200,0,node
M1688150025,0,node
M127356954,0,node
M1475842502,0,node
C2089016471,0,node
C875917495,0,node
M1391119179,0,node
M710220387,0,node
M517693873,0,node
M214313531,0,node
M693345846,0,node
M257718694,0,node
M1392886653,0,node
M1037942373,0,node
M876962272,0,node
M917277283,0,node
M1388849499,0,node
M2008159348,0,node
M1103132232,0,node
M2015261478,0,node
M968957548,0,node
M1128266449,0,node
M628487793,0,node
M248487859,0,node
M670689666,0,node
M817941759,0,node
M36550900,0,node
M492252770,0,node
M1187972599,0,node
M49547843,0,node
M402978317,0,node
M1417554340,0,node
M1043317832,0,node
M1485485458,0,node
M1288052401,0,node
M1883830050,0,node
M1487230025,0,node
M1846539844,0,node
M1009326765,0,node
M7548983,0,node
M52487168,0,node
M486348917,0,node
M742672280,0,node
C812586739,0,node
C1234250905,0,node
M1293252487,0,node
M1829966070,0,node
M1354280589,0,node
C1832532108,0,node
M1015799131,0,node
C154319946,0,node
M85121323,0,node
M2078239671,0,node
M143486875,0,node
M1197176722,0,node
M405488475,0,node
M49969897,0,node
M923013679,0,node
M1622135821,0,node
M1059080630,0,node
C63387985,0,node
M503144273,0,node
M985487390,0,node
M1628289406,0,node
M1068232840,0,node
M317960117,0,node
C1992550266,0,node
M2077662850,0,node
M1370495328,0,node
M668760567,0,node
M984567559,0,node
M417875774,0,node
M439925336,0,node
M1121891386,0,node
M485475507,0,node
M1869247587,0,node
M2045913001,0,node
C1839337592,0,node
M508760925,0,node
C40075281,0,node
C800281454,0,node
M842957574,0,node
M1255109302,0,node
M855724043,0,node
C836514715,0,node
M1470420462,0,node
M977650730,0,node
M1202081661,0,node
M664839586,0,node
M54176060,0,node
M275754769,0,node
M279781579,0,node
M740827140,0,node
M2080125222,0,node
M653345773,0,node
M1266093632,0,node
M426288284,0,node
M203472514,0,node
M1056185446,0,node
M1647243882,0,node
M1599566873,0,node
M1028811481,0,node
M1779914089,0,node
M1060935276,0,node
M1090695601,0,node
M980533504,0,node
M254955665,0,node
M2008229299,0,node
M2123269713,0,node
M656349395,0,node
M1642308093,0,node
M246264949,0,node
M828241083,0,node
M1554877309,0,node
M623131585,0,node
M779018428,0,node
M1182758821,0,node
M1108066952,0,node
M814377348,0,node
M2050275256,0,node
M1005093407,0,node
M996533593,0,node
M140428850,0,node
M1608103523,0,node
C767904468,0,node
M238431319,0,node
M2042917213,0,node
M1699265405,0,node
M358019805,0,node
M103118806,0,node
M1801422599,0,node
C1424082571,0,node
M2041264753,0,node
M1902455960,0,node
M1622694817,0,node
M292958927,0,node
M225553858,0,node
M29774113,0,node
M1474072872,0,node
C775514090,0,node
C171493374,0,node
C778731861,0,node
M1517758613,0,node
M1883971879,0,node
M1563634025,0,node
M774362927,0,node
M1211586911,0,node
M997294994,0,node
M523051393,0,node
M2128961136,0,node
M1986581856,0,node
M309060377,0,node
M1547116051,0,node
M506775047,0,node
M917935693,0,node
M153448497,0,node
C611572016,0,node
M673384643,0,node
M498134055,0,node
M223000346,0,node
M28145535,0,node
M1133227388,0,node
M1340051218,0,node
M1425405511,0,node
M828088650,0,node
M670084377,0,node
M1716551994,0,node
M1355766307,0,node
M658281599,0,node
M452015229,0,node
M544628437,0,node
M681158875,0,node
M203048480,0,node
M319426406,0,node
M305552520,0,node
M574077658,0,node
M1460696714,0,node
M115397800,0,node
M807872790,0,node
M1542856295,0,node
M187120217,0,node
M622772003,0,node
M460333119,0,node
M22040992,0,node
M185203393,0,node
M1627496281,0,node
M653515020,0,node
M1365197105,0,node
M1280443567,0,node
M348148678,0,node
M814111376,0,node
M2004655561,0,node
M1944138464,0,node
M611502040,0,node
M571956559,0,node
M998283025,0,node
M594195094,0,node
M1661161169,0,node
M1437129801,0,node
M1911168986,0,node
M1107772887,0,node
M1604616170,0,node
M687399269,0,node
M1727424614,0,node
C214187874,0,node
M1704214570,0,node
C657736958,0,node
M1041326823,0,node
M1815025408,0,node
M3694603,0,node
M1914615775,0,node
M1385750189,0,node
M80191608,0,node
C1529115495,0,node
M1995505717,0,node
M45416784,0,node
M1807207655,0,node
M1800605369,0,node
M1736458419,0,node
M1688310330,0,node
M415906914,0,node
M1154941313,0,node
M600199331,0,node
M1353838640,0,node
M1604342290,0,node
M1544147328,0,node
M1599556802,0,node
M2057077925,0,node
M1222094219,0,node
M1612853208,0,node
C811597470,0,node
M1896558831,0,node
M682981033,0,node
M795590320,0,node
M404036116,0,node
M379430898,0,node
M216746962,0,node
M468776694,0,node
M14633842,0,node
M939475028,0,node
M2063009760,0,node
M1481594007,0,node
M530410619,0,node
M1337655323,0,node
M874153561,0,node
M1592763413,0,node
M2027227708,0,node
M215632153,0,node
M790229674,0,node
M1778877569,0,node
M422134367,0,node
M670283478,0,node
M639105046,0,node
M1561347421,0,node
M1251285265,0,node
M173259631,0,node
M1733947537,0,node
M346377974,0,node
M141015648,0,node
M1699443392,0,node
M1614079837,0,node
M1060928475,0,node
M44278425,0,node
M834562889,0,node
M1536728519,0,node
M1112940474,0,node
M1186371052,0,node
M845119401,0,node
M1671811074,0,node
M1520836654,0,node
C1100767002,0,node
M353206468,0,node
M50345623,0,node
M489070295,0,node
C1498438472,0,node
M68217166,0,node
M511651343,0,node
M2027133545,0,node
M1897221921,0,node
M622263400,0,node
M1811787796,0,node
M1617937669,0,node
M880533231,0,node
M2134157671,0,node
M604060129,0,node
M1227459815,0,node
M148891937,0,node
M1442077586,0,node
M1744713739,0,node
M1038988454,0,node
M1096682443,0,node
M1238994373,0,node
M495051009,0,node
M200744172,0,node
M818785904,0,node
M628610760,0,node
M1811942924,0,node
C564742142,0,node
M1769252629,0,node
M1137989065,0,node
M10405169,0,node
M554634433,0,node
M1872088401,0,node
M1439361845,0,node
M741883443,0,node
M1982876486,0,node
M1116197959,0,node
M1315795813,0,node
M13918250,0,node
M75356024,0,node
M916958177,0,node
M235162442,0,node
C1721246982,0,node
M485047320,0,node
M1174687658,0,node
M444127949,0,node
M738111983,0,node
C35534346,0,node
M2024945312,0,node
M876908140,0,node
M1130160902,0,node
M2110068611,0,node
M1709700394,0,node
M1256893889,0,node
M521466380,0,node
M1850646717,0,node
M274298188,0,node
M1223144402,0,node
C1292838001,0,node
M285754614,0,node
M233951222,0,node
M450438867,0,node
M969811954,0,node
C884457408,0,node
M1623287112,0,node
M1396292525,0,node
M680150616,0,node
M1160546880,0,node
M687892306,0,node
M659115590,0,node
M507583873,0,node
M1047515321,0,node
M1769227988,0,node
M814245389,0,node
M855501888,0,node
M467146800,0,node
M1693003105,0,node
M1255445356,0,node
M83674409,0,node
M1273879638,0,node
M461448225,0,node
M2021835850,0,node
M550572371,0,node
M1447685190,0,node
M1345293143,0,node
C243745864,0,node
M1427247001,0,node
M955443582,0,node
M842422776,0,node
M1045567253,0,node
M643587433,0,node
M1019348343,0,node
C837659261,0,node
C968113504,0,node
M1274225913,0,node
M212232499,0,node
M1335914322,0,node
M1610372241,0,node
C1401316767,0,node
C1330400026,0,node
C721748895,0,node
M7346738,0,node
M667680223,0,node
M943666520,0,node
M892231982,0,node
M606365803,0,node
M675833472,0,node
M1243495105,0,node
M999221400,0,node
M1392570698,0,node
M2008746677,0,node
M1420623741,0,node
M1418245573,0,node
M1898751355,0,node
M1366581056,0,node
M1776486598,0,node
M1719547057,0,node
M1840940155,0,node
M371440613,0,node
M1129387802,0,node
M936380963,0,node
M144467413,0,node
M941403433,0,node
M1649498695,0,node
C1935365522,0,node
M688988404,0,node
M1311544814,0,node
M1944815218,0,node
M1584833211,0,node
M1518752790,0,node
M2146613458,0,node
M1855112877,0,node
M1164699452,0,node
M1537912396,0,node
M1101451553,0,node
M1091736037,0,node
M435175610,0,node
M669200356,0,node
M399653041,0,node
M56510351,0,node
M1803361784,0,node
M1104654975,0,node
M1243102466,0,node
M557705922,0,node
M680865258,0,node
M339581587,0,node
M1096411163,0,node
M600657906,0,node
M2123846943,0,node
M167175174,0,node
M1047477166,0,node
M749693202,0,node
M874740624,0,node
M1244775150,0,node
M571481216,0,node
M1973256691,0,node
M1514955661,0,node
M645643802,0,node
M949314262,0,node
C1826334428,0,node
M979420182,0,node
M1472012329,0,node
M244297136,0,node
M1399225534,0,node
M1857007886,0,node
M1179272258,0,node
M1467977993,0,node
M1970612644,0,node
M35864696,0,node
M1178777373,0,node
C1219273867,0,node
M988786279,0,node
M1729734072,0,node
M2037202079,0,node
M1105282397,0,node
M1590481849,0,node
M116356643,0,node
M1544067887,0,node
M347791431,0,node
M1720746883,0,node
M45880026,0,node
M1397530667,0,node
M1265287441,0,node
M1495257933,0,node
M2090563811,0,node
M399149970,0,node
M1052399527,0,node
M51376124,0,node
M197855654,0,node
M928734079,0,node
M684429600,0,node
M1450712470,0,node
M633727380,0,node
M562685863,0,node
M1664165134,0,node
M1682619279,0,node
M1882348832,0,node
M1300528434,0,node
M1031775150,0,node
M906347731,0,node
M410958248,0,node
M1792088662,0,node
M1073051173,0,node
M2088969892,0,node
M1665308978,0,node
M1862347028,0,node
M13643661,0,node
M102052782,0,node
M1913017282,0,node
M1792381498,0,node
M70978270,0,node
M353891891,0,node
M332498651,0,node
M1164289802,0,node
C200224114,0,node
M824900551,0,node
M129371198,0,node
M1701436909,0,node
M1896708863,0,node
M106113013,0,node
M807239968,0,node
M1917161212,0,node
M882706486,0,node
M1041451158,0,node
M775574071,0,node
M1791589252,0,node
M901815188,0,node
M205496410,0,node
M1225114731,0,node
M288797801,0,node
M1715686600,0,node
M1765690649,0,node
M1412564235,0,node
M1833335943,0,node
M1472036907,0,node
M46627301,0,node
M1367594377,0,node
M1747721875,0,node
M1759915172,0,node
M1220524164,0,node
M118881143,0,node
M777190206,0,node
M1050149826,0,node
M2090289474,0,node
M1620187937,0,node
M1296654536,0,node
M1838250251,0,node
M1204178174,0,node
M173440626,0,node
M1260127127,0,node
M884604029,0,node
M215614514,0,node
M117460541,0,node
M1906549136,0,node
M8136897,0,node
M1743553655,0,node
M922992444,0,node
M1530870688,0,node
M663716901,0,node
M1260043537,0,node
M1682157864,0,node
M1243350866,0,node
M456314134,0,node
M1641027464,0,node
M642538759,0,node
M1774897456,0,node
M1564078808,0,node
M1441410416,0,node
M391827378,0,node
M1317441269,0,node
M816804727,0,node
M497786326,0,node
M1862900975,0,node
M1275011461,0,node
M2146303527,0,node
M491152599,0,node
M1456265041,0,node
M1808527451,0,node
M488669101,0,node
M1183905155,0,node
M1202907617,0,node
C24119573,0,node
M413550077,0,node
M933646237,0,node
M1831705084,0,node
C13226198,0,node
C1577213552,0,node
M538618049,0,node
M1386440976,0,node
M1327539680,0,node
M494414526,0,node
M665988980,0,node
M2122991287,0,node
M420993295,0,node
M1252820474,0,node
M101162229,0,node
M818859466,0,node
M1418102907,0,node
M412835761,0,node
C558216562,0,node
C284686302,0,node
C5592464,0,node
M1861754673,0,node
M866901553,0,node
M657998502,0,node
C423583818,0,node
M1432403167,0,node
M766101,0,node
M665512315,0,node
M1562249660,0,node
M1595188851,0,node
M1989219205,0,node
M369333979,0,node
M67811496,0,node
M1707901480,0,node
M35068320,0,node
C1917025677,0,node
M178325065,0,node
M923360749,0,node
M749098095,0,node
M2032399795,0,node
M1970856042,0,node
M1457148583,0,node
C2118255842,0,node
M873168630,0,node
M1615873578,0,node
M293870357,0,node
M2065730373,0,node
M2095970915,0,node
M1317963297,0,node
M61814127,0,node
M2118571592,0,node
M809128217,0,node
M466319810,0,node
C64133603,0,node
M1899567935,0,node
M316355462,0,node
M1156841091,0,node
M465839591,0,node
M841483227,0,node
M1827371870,0,node
M253027775,0,node
M982634822,0,node
M178259104,0,node
M133177937,0,node
M81269359,0,node
M1800959603,0,node
M1598047636,0,node
M2066366456,0,node
M1175154004,0,node
M1980194149,0,node
M666312528,0,node
M1956060889,0,node
M214768579,0,node
M1146484093,0,node
M1292570580,0,node
M1815592231,0,node
M808653065,0,node
M1962826086,0,node
M1736150547,0,node
M1277678493,0,node
M2078154554,0,node
M1742448147,0,node
M1559817679,0,node
M1654589039,0,node
M248495761,0,node
M987489551,0,node
M9843062,0,node
M1286580650,0,node
M1728057672,0,node
M65982709,0,node
M1142735456,0,node
C2063763486,0,node
M1726515679,0,node
M929482343,0,node
M1438178266,0,node
M973219190,0,node
M1044965465,0,node
M442465916,0,node
M482032955,0,node
M832066800,0,node
C1997859171,0,node
M1096343229,0,node
M2000530216,0,node
M1665209618,0,node
C801142660,0,node
M2189588,0,node
M896945135,0,node
M1565614310,0,node
M688113407,0,node
M934223763,0,node
M1083086553,0,node
M378327915,0,node
M956429999,0,node
M281896787,0,node
M1202653598,0,node
M193156903,0,node
M747004588,0,node
M925152318,0,node
M1760020675,0,node
M596376940,0,node
M1485179287,0,node
M1955049794,0,node
M429639728,0,node
M41633258,0,node
M1300399812,0,node
C1182908789,0,node
M1041611526,0,node
M81907268,0,node
M2054997292,0,node
M1380593659,0,node
M858267892,0,node
M1917149817,0,node
C1941598182,0,node
M337039263,0,node
M201069753,0,node
C1620301064,0,node
M19467337,0,node
M173115411,0,node
M1966480630,0,node
M1806121021,0,node
M494266287,0,node
C101601906,0,node
M703440120,0,node
M1577353545,0,node
M1029148906,0,node
M1738784081,0,node
M1452355939,0,node
M169370778,0,node
M723689932,0,node
M605600260,0,node
C810576909,0,node
M1901648626,0,node
M271514713,0,node
M315748820,0,node
M2050529121,0,node
M47719432,0,node
M258447256,0,node
M1408043496,0,node
M498023236,0,node
M1153511683,0,node
M1818453711,0,node
M413990536,0,node
M1999135146,0,node
M429269396,0,node
M2089786414,0,node
M1019157412,0,node
M8268900,0,node
M943219925,0,node
M1286868539,0,node
M978599729,0,node
M731870416,0,node
M2130606983,0,node
M1512822728,0,node
M1904720585,0,node
M1863557065,0,node
M423109432,0,node
M366752671,0,node
M883735648,0,node
M906370291,0,node
M538132628,0,node
M1813375175,0,node
M1799316869,0,node
M1041255755,0,node
M314966354,0,node
M1825662118,0,node
M105146840,0,node
M1276666395,0,node
M485237151,0,node
M1714007305,0,node
M668929853,0,node
M1146423186,0,node
M1196200241,0,node
C1122118227,0,node
M320321288,0,node
M777113684,0,node
M1633566545,0,node
M1619773688,0,node
M1151772302,0,node
M2033282874,0,node
M1241395522,0,node
M1640244246,0,node
C2140846441,0,node
M795275472,0,node
C1711105800,0,node
M382044126,0,node
M720638621,0,node
M373299466,0,node
C681979935,0,node
M43368234,0,node
M724081353,0,node
M1943266645,0,node
C115939475,0,node
M407241000,0,node
C796774130,0,node
C1277716905,0,node
C1859965144,0,node
C193625667,0,node
C1459035867,0,node
M542598487,0,node
M1170399398,0,node
M175822565,0,node
M1762378078,0,node
M1196836564,0,node
M1035563730,0,node
M1753107603,0,node
M1858583776,0,node
M925364462,0,node
M263656423,0,node
M326376794,0,node
M1551263930,0,node
M361712894,0,node
M1521132614,0,node
M65305091,0,node
M148813381,0,node
M1564629011,0,node
M1788048182,0,node
M1749758430,0,node
M438897070,0,node
M1064315206,0,node
M268490061,0,node
M21723014,0,node
M1672736386,0,node
M2089636626,0,node
M168670597,0,node
M1027022907,0,node
M412375354,0,node
M2095710480,0,node
M1428664849,0,node
M2013332834,0,node
M950729555,0,node
M1744032146,0,node
M1929447269,0,node
M1054477035,0,node
C1067936865,0,node
M218654115,0,node
M2125346660,0,node
M1332121385,0,node
C373928166,0,node
C1163619825,0,node
M1783418615,0,node
M1689498062,0,node
M1240230559,0,node
M1602069459,0,node
M1454366618,0,node
M1892470159,0,node
M1743770306,0,node
M398644489,0,node
M436949795,0,node
M610189734,0,node
C1916720513,0,node
C481402298,0,node
C1538745405,0,node
C1653859230,0,node
C1034584766,0,node
M2025928493,0,node
M1945836927,0,node
M39661414,0,node
M580965610,0,node
M1037346554,0,node
M1064456966,0,node
M605201451,0,node
M689147194,0,node
M1841099284,0,node
M2082807696,0,node
M1537371824,0,node
M399715995,0,node
M779051277,0,node
M279963418,0,node
M556662073,0,node
M1708490318,0,node
M598049166,0,node
M167550865,0,node
C1778801068,0,node
M2055472834,0,node
M1750120280,0,node
M1883652579,0,node
M1107779742,0,node
M1568450200,0,node
M208437930,0,node
M384283650,0,node
M1004390006,0,node
M38647502,0,node
M1739653374,0,node
M732277370,0,node
M1784908921,0,node
M1152488702,0,node
C543409470,0,node
M62182667,0,node
M1198450099,0,node
M2094310615,0,node
M26059997,0,node
M1753746465,0,node
M1866340787,0,node
M2097435292,0,node
M186049026,0,node
C421163163,0,node
C540811471,0,node
C193864812,0,node
C1041638599,0,node
C447320069,0,node
C878506901,0,node
C534662976,0,node
C2117043942,0,node
M162667475,0,node
M124132186,0,node
M1707293586,0,node
M1309191417,0,node
